Source: SEMrush,,,,,,,,
AIO Keywords,2025 Jul,2025 Aug,2025 Sep,2025 Oct,2025 Nov,2025 Dec,2026 Jan,2026 Feb
Fortinet ,"10,829","12,194","12,482","12,365","11,938","13,887","16,395","16,503"
Cisco,"13,691","14,468","14,574","14,365","13,811","15,752","17,923","18,245"
HPE,"2,702","2,774","2,844","2,784","3,257","5,159","6,049","5,872"
Palo Alto,"4,322","4,274","4,466","4,506","4,653","6,092","7,536","7,897"
Checkpoint,"2,409","2,213","2,161","2,132","2,013","1,878","1,762","1,573"
CrowdStrike,"4,247","4,729","5,123","5,051","4,623","4,456","4,992","5,279"
Cato Networks,231,301,277,270,231,263,296,315
Sentinelone,"3,268","3,155","3,209","3,274","3,411","4,247","4,936","5,516"
,,,,,,,,
,,,,,,,,
AIO Traffic,2025 Jul,2025 Aug,2025 Sep,2025 Oct,2025 Nov,2025 Dec,2026 Jan,2026 Feb
Fortinet ,"31,927","97,533","83,220","89,387","111,533","269,736","190,645","207,640"
Cisco,"37,628","103,811","110,409","105,848","221,685","192,321","96,999","260,919"
HPE,"4,553","20,403","17,052","15,630","29,985","62,162","34,054","42,252"
Palo Alto,"6,363","20,685","59,321","114,814","40,224","66,468","49,190","50,299"
Checkpoint,"3,645","9,501","9,504","10,203","10,252","10,514","6,144","8,835"
CrowdStrike,"70,372","42,889","33,742","44,539","169,073","54,807","33,199","177,583"
Cato Networks,140,"1,154","1,198","1,157","1,406","1,342",993,"1,490"
Sentinelone,"5,430","10,839","15,126","13,414","16,130","22,651","19,999","91,883"