Source - SEMrush,,,,,,,,
Location - WW,,,,,,,,
,,,,,,,,
Referring Domains,2025 Jul,2025 Aug,2025 Sep,2025 Oct,2025 Nov,2025 Dec,2026 Jan,2026 Feb
Fortinet ,"54,366","54,824","54,764","55,753","55,664","55,539","54,676","54,800"
Palo Alto,"238,434","239,069","238,654","43,395","43,492","42,913","42,607","43,274"
Checkpoint,"84,611","84,164","83,241","60,931","61,349","60,699","60,302","60,848"
HPE,"42,176","42,110","41,804","84,928","85,049","81,908","79,383","78,274"
Cisco,"59,363","59,664","59,675","240,813","238,909","234,233","231,358","234,186"
CrowdStrike,"39,155","39,201","39,187","39,829","41,063","40,497","40,061","40,158"
Cato Networks,5142,5337,5440,5740,6034,6142,6337,6341
Sentinelone,1929500.0%,1932900.0%,1953 Mar,1954 Oct,20742,20604,20452,20615
Backlinks,2025 Jul,2025 Aug,2025 Sep,2025 Oct,2025 Nov,2025 Dec,2026 Jan,2026 Feb
Fortinet ,3.2M,2.9M,3.0M,3.0M,2.8M,2.8M,2.8M,2.8M
Palo Alto,43.2M,44.4M,43.9M,3.1M,3.0M,2.7M,2.6M,2.6M
Checkpoint,24.4M,23.7M,23.1M,7.2M,6.8M,6.5M,5.9M,5.7M
HPE,3.3M,3.3M,3.2M,27.6M,30.0M,29.9M,29.6M,29.6M
Cisco,5.8M,5.9M,6.7M,48.3M,49.9M,48.0M,46.7M,46.3M
CrowdStrike,1.7M,1.7M,1.6M,1.7M,1.7M,1.6M,1.4M,1.4M
Cato Networks,1.1M,0.7M,0.4M,0.2M,0.1M,0.1M,0.1M,0.1M
Sentinelone,1.1M,1.1M,1.3M,1.5M,1.4M,1.2M,1.1M,1.1M