Location : WW,,,,,,,,,,,,,,,,,,,,,,,,,,,,,
Source - Semrush,,,,,,,,,,,,,,,,,,,,,,,,,,,,,
Timeline - Month,,,,,,,,,,,,,,,,,,,,,,,,,,,,,
Frequency - Monthly,,,,,,,,,,,,,,,,,,,,,,,,,,,,,
Metrics,Organic Metrics,,,,,,,,,,Branded Traffic,,,,,,,,,,Non Branded Traffic,,,,,,,,
,Month,2025 Jul,2025 Aug,2025 Sep,2025 Oct,2025 Nov,2025 Dec,2026 Jan,2026 Feb,,Month,2025 Jul,2025 Aug,2025 Sep,2025 Oct,2025 Nov,2025 Dec,2026 Jan,2026 Feb,,Month,2025 Jul,2025 Aug,2025 Sep,2025 Oct,2025 Nov,2025 Dec,2026 Jan,2026 Feb
3rd Slide,Fortinet,4.6M,5.2M,4.7M,4.5M,4.4M,4.9M,4.8M,4.9M,,Fortinet,915.79k,909.30k,945.91k,876.57k,699.66k,592.31k,539.74k,535.50k,,Fortinet,3.69 M,4.26 M,3.74 M,3.62 M,3.73 M,4.30 M,4.28 M,4.33 M
,Cisco,6.1M,6.1M,5.8M,19.7M,33.5M,26.3M,4.4M,5.4M,,Cisco,2.40 M,2.40 M,2.51 M,2.17 M,1.88 M,1.68 M,1.51 M,2.29 M,,Cisco,3.66 M,3.73 M,3.31 M,17.55 M,31.65 M,24.62 M,2.88 M,3.13 M
,HPE,1.8M,2.0M,1.9M,1.7M,1.6M,1.7M,1.6M,1.5M,,HPE,437.92k,472.98k,511.02k,482.41k,411.39k,412.38k,376.85k,349.90k,,HPE,1.39 M,1.57 M,1.38 M,1.24 M,1.16 M,1.30 M,1.19 M,1.17 M
,Palo Alto,0.7M,0.9M,1.0M,1.3M,1.0M,1.0M,0.9M,1.0M,,Palo Alto,213.47k,265.17k,425.44k,303.50k,228.21k,256.46k,222.66k,229.45k,,Palo Alto,527.75k,612.87k,609.70k,950.64k,747.05k,722.39k,678.78k,772.52k
,Check Point,1.0M,1.0M,1.0M,1.1M,862k,838k,737k,742k,,Check Point,191.11k,209.41k,203.58k,192.48k,179.21k,159.23k,157.64k,139.40k,,Check Point,825.45k,827.28k,824.60k,870.94k,682.38k,678.83k,579.01k,602.10k
,Crowdstrike,1065k,2074k,946k,679k,799k,569k,545k,701k,,Crowdstrike,647.55k,1534.90k,514.46k,267.72k,218.81k,143.38k,147.05k,198.36k,,Crowdstrike,417.50k,539.29k,431.24k,411.78k,579.77k,425.58k,397.58k,502.55k
,Cato Networks,49k,58k,52k,53k,51k,55k,58k,58k,,Cato Networks,23.65k,26.24k,23.69k,25.65k,25.09k,22.37k,27.17k,26.71k,,Cato Networks,25.62k,32.20k,28.49k,27.67k,26.01k,32.32k,30.76k,30.97k
,Sentinelone,346k,348k,363k,405k,511k,383k,413k,509k,,Sentinelone,166.62k,156.59k,157.69k,155.38k,156.22k,149.49k,142.12k,151.60k,,Sentinelone,179.06k,191.39k,204.82k,249.25k,354.29k,233.82k,271.01k,357.13k