Zero Trust / ZTNA (> SV 50),,,,,,,,,,,,,,,,,,,,,,,,,,,,,,,,,,,,,,,,,,,,,,,,,,
,Fortinet,,,,,,,,Cisco,,,,,,,,HPE,,,,,,,,Palo Alto,,,,,,,,Checkpoint,,,,,,,,Crowdstrike,,,,Cato Network,,,Sentinelone,,
Section / Metric,2025 Jul,2025 Aug,2025 Sep,2025 Oct,2025 Nov,2025 Dec,2026 Jan,2026 Feb,2025 Jul,2025 Aug,2025 Sep,2025 Oct,2025 Nov,2025 Dec,2026 Jan,2026 Feb,2025 Jul,2025 Aug,2025 Sep,2025 Oct,2025 Nov,2025 Dec,2026 Jan,2026 Feb,2025 Jul,2025 Aug,2025 Sep,2025 Oct,2025 Nov,2025 Dec,2026 Jan,2026 Feb,2025 Jul,2025 Aug,2025 Sep,2025 Oct,2025 Nov,2025 Dec,2026 Jan,2026 Feb,2025 Nov,2025 Dec,2026 Jan,2026 Feb,2025 Dec,2026 Jan,2026 Feb,2025 Dec,2026 Jan,2026 Feb
Total Keywords,,,,,,,,,,,,,,,,,,,,,,,,,,,,,,,,,,,,,,,,,,,,,,,,,,
Zero Trust / ZTNA (> SV 50),301,307,218,179,210,218,226,222,310,312,163,104,126,141,135,139,71,80,20,12,22,23,22,30,325,348,246,225,224,232,228,237,242,250,99,46,96,115,104,105,204,217,215,220,71,72,73,101,106,93
Cumulative Traffic,,,,,,,,,,,,,,,,,,,,,,,,,,,,,,,,,,,,,,,,,,,,,,,,,,
Zero Trust / ZTNA (> SV 50),"4,565","7,238","5,353","5,994","5,370","5,926","6,208","5,688","1,983","2,275","1,776","1,854","1,442","1,352","1,462","1,955",49,84,39,19,75,81,55,53,"7,219","6,300","6,434","6,942","6,334","7,388","7,193","9,993",215,287,176,357,408,558,352,"1,096","8,230","10,344","11,093","9,760",200,241,234,"1,774","1,841","1,851"
No. of KWs Ranking on Page 1,,,,,,,,,,,,,,,,,,,,,,,,,,,,,,,,,,,,,,,,,,,,,,,,,,
Zero Trust / ZTNA (> SV 50),113,120,134,143,174,180,192,182,73,89,70,64,69,53,58,60,3,6,5,3,7,8,5,9,146,187,177,194,193,179,172,179,15,21,21,16,29,29,20,20,176,170,170,170,17,19,19,57,54,47
AIO,,,,,,,,,,,,,,,,,,,,,,,,,,,,,,,,,,,,,,,,,,,,,,,,,,
Zero Trust / ZTNA (> SV 50),165,176,120,120,151,163,175,174,152,175,89,58,91,102,102,97,42,52,6,10,22,22,20,28,160,190,136,140,157,157,165,163,139,163,48,30,82,98,92,90,158,163,164,160,62,62,62,77,81,71